rank,track_id,name,artists,album,repeat_intent,bpm,mood,energy,dance,valence,camelot,listen_count,last_listened_at,spotify_url
1,4MJpRELMm9Sa70kJqwi8by,Living in Paradise,"Bon Jovi,Avril Lavigne",Forever (Legendary Edition),save_for_later,140.00,199.00,82.00,61.00,56.00,1B,1,2026-07-14T03:58:39.550Z,https://open.spotify.com/track/4MJpRELMm9Sa70kJqwi8by
2,7mCHJYr4E23AXPt5ntMCPA,Legendary,"Bon Jovi,James Bay",Forever (Legendary Edition),save_for_later,130.00,219.00,93.00,54.00,72.00,3B,1,2026-07-14T03:58:25.384Z,https://open.spotify.com/track/7mCHJYr4E23AXPt5ntMCPA
3,489qD0Sn4Zs7XBMsExTP5R,Waves,"Bon Jovi,Jason Isbell",Forever (Legendary Edition),save_for_later,160.00,155.00,75.00,46.00,34.00,10A,1,2026-07-14T03:59:26.693Z,https://open.spotify.com/track/489qD0Sn4Zs7XBMsExTP5R
4,08G3FAarAmXbX5szqZ3vwV,Living Proof,"Bon Jovi,Jelly Roll",Living Proof (with Jelly Roll),save_for_later,123.00,226.00,86.00,61.00,79.00,8A,1,2026-07-14T03:58:43.554Z,https://open.spotify.com/track/08G3FAarAmXbX5szqZ3vwV
5,6qZ5GReTiCxI4dzYqGURtf,Seeds,"Bon Jovi,Ryan Tedder",Forever (Legendary Edition),save_for_later,132.00,179.00,90.00,53.00,36.00,5B,1,2026-07-14T03:59:11.207Z,https://open.spotify.com/track/6qZ5GReTiCxI4dzYqGURtf
6,0J2hNHOmXLd7MInTXQksXr,Alleycat,Mumford & Sons,Prizefighter (Extended Edition),save_for_later,120.00,171.00,55.00,73.00,43.00,1B,1,2026-07-14T03:48:43.569Z,https://open.spotify.com/track/0J2hNHOmXLd7MInTXQksXr
7,5qDy4LfAmyGB1Rn8Zykgsh,Begin Again,Mumford & Sons,Prizefighter (Extended Edition),save_for_later,115.00,162.00,70.00,60.00,32.00,10B,1,2026-07-14T03:48:52.478Z,https://open.spotify.com/track/5qDy4LfAmyGB1Rn8Zykgsh
8,29VPLXU0isqFzRJAwdIdBm,Clover,Mumford & Sons,Prizefighter (Extended Edition),save_for_later,182.00,80.00,37.00,26.00,17.00,3B,1,2026-07-14T03:48:56.662Z,https://open.spotify.com/track/29VPLXU0isqFzRJAwdIdBm
9,7A9rw57UOQavL06dcvpJ3G,Conversation With My Son (Gangsters & Angels),Mumford & Sons,Prizefighter (Extended Edition),save_for_later,93.00,110.00,46.00,33.00,31.00,1B,1,2026-07-14T03:49:02.056Z,https://open.spotify.com/track/7A9rw57UOQavL06dcvpJ3G
10,0vE7cenp4SPtOMqxMBjq5y,Here - Mumford & Sons Version,Mumford & Sons,Prizefighter (Extended Edition),save_for_later,156.00,165.00,62.00,56.00,47.00,6B,1,2026-07-14T03:50:38.069Z,https://open.spotify.com/track/0vE7cenp4SPtOMqxMBjq5y
11,52SEMLGZBkz5TG0kRtMp47,I'll Tell You Everything,Mumford & Sons,Prizefighter (Extended Edition),save_for_later,87.00,137.00,41.00,54.00,42.00,3B,1,2026-07-14T03:50:42.753Z,https://open.spotify.com/track/52SEMLGZBkz5TG0kRtMp47
12,5hrkUQIt4IYTAx3CeaUrwR,Prizefighter,Mumford & Sons,Prizefighter (Extended Edition),save_for_later,117.00,143.00,43.00,76.00,24.00,9B,1,2026-07-14T03:51:32.535Z,https://open.spotify.com/track/5hrkUQIt4IYTAx3CeaUrwR
13,6LCqNwWz1HrZfNp5QbTSzF,Run Together,Mumford & Sons,Prizefighter (Extended Edition),save_for_later,115.00,123.00,53.00,41.00,29.00,10B,1,2026-07-14T03:51:55.718Z,https://open.spotify.com/track/6LCqNwWz1HrZfNp5QbTSzF
14,66hQIeTsDIolA9DXZ1Rhsc,Shadow Of A Man,Mumford & Sons,Prizefighter (Extended Edition),save_for_later,96.00,128.00,52.00,49.00,27.00,6B,1,2026-07-14T03:52:00.469Z,https://open.spotify.com/track/66hQIeTsDIolA9DXZ1Rhsc
15,0CZZIdd7BD7Js6BHjSZJfA,Stay,Mumford & Sons,Prizefighter (Extended Edition),save_for_later,147.00,121.00,56.00,47.00,18.00,8B,1,2026-07-14T03:52:28.312Z,https://open.spotify.com/track/0CZZIdd7BD7Js6BHjSZJfA
16,4BaLBeCtY9oH9puj2et3wI,The Banjo Song,Mumford & Sons,Prizefighter (Extended Edition),save_for_later,112.00,162.00,63.00,65.00,34.00,6B,1,2026-07-14T03:52:31.961Z,https://open.spotify.com/track/4BaLBeCtY9oH9puj2et3wI
17,3xDgeeYwO2MWnd4Rt43vwq,Icarus (with Gigi Perez),"Mumford & Sons,Gigi Perez",Prizefighter (Extended Edition),save_for_later,76.00,169.00,46.00,67.00,56.00,3B,1,2026-07-14T03:50:47.340Z,https://open.spotify.com/track/3xDgeeYwO2MWnd4Rt43vwq
18,6ZHLftvGoRASnCOx2YEkHE,Badlands (with Gracie Abrams),"Mumford & Sons,Gracie Abrams",Prizefighter (Extended Edition),save_for_later,126.00,147.00,40.00,63.00,44.00,6B,1,2026-07-14T03:48:48.424Z,https://open.spotify.com/track/6ZHLftvGoRASnCOx2YEkHE
19,4IW7Ch9TZVLnNITiQekiF7,Rubber Band Man (with Hozier),"Mumford & Sons,Hozier",Prizefighter (Extended Edition),save_for_later,104.00,128.00,59.00,50.00,19.00,5B,1,2026-07-14T03:51:36.927Z,https://open.spotify.com/track/4IW7Ch9TZVLnNITiQekiF7
20,4o00WujxVwpSm8Cp7SkEvf,Here (with Sierra Ferrell) - Apple Music Sessions,"Mumford & Sons,Sierra Ferrell",Prizefighter (Extended Edition),save_for_later,79.00,187.00,66.00,52.00,69.00,6B,1,2026-07-14T03:50:33.716Z,https://open.spotify.com/track/4o00WujxVwpSm8Cp7SkEvf
21,3EnTGnmNu1TDEcpbbTajuo,23,Noah Kahan,The Great Divide,save_for_later,111.00,145.00,33.00,78.00,34.00,10B,1,2026-07-14T03:53:52.368Z,https://open.spotify.com/track/3EnTGnmNu1TDEcpbbTajuo
22,4y3VBhJPEztyRmNxfK3tZ5,All Them Horses,Noah Kahan,The Great Divide,save_for_later,81.00,115.00,34.00,56.00,25.00,12B,1,2026-07-14T03:53:55.862Z,https://open.spotify.com/track/4y3VBhJPEztyRmNxfK3tZ5
23,3WRgRy12YW4I9mjodKXWwy,American Cars,Noah Kahan,The Great Divide,save_for_later,143.00,213.00,89.00,59.00,65.00,8B,1,2026-07-14T03:54:00.575Z,https://open.spotify.com/track/3WRgRy12YW4I9mjodKXWwy
24,3x0J8f16jDLhOr4ohzoq9u,Dan,Noah Kahan,The Great Divide,save_for_later,106.00,151.00,57.00,66.00,28.00,9B,1,2026-07-14T03:54:05.533Z,https://open.spotify.com/track/3x0J8f16jDLhOr4ohzoq9u
25,6rlU0kRQNjMZ7t5I92yCIi,Dashboard,Noah Kahan,The Great Divide,save_for_later,174.00,118.00,57.00,44.00,17.00,4B,1,2026-07-14T03:54:11.935Z,https://open.spotify.com/track/6rlU0kRQNjMZ7t5I92yCIi
26,6OICC2Us0JVbUgGXFJJOzZ,Deny Deny Deny,Noah Kahan,The Great Divide,save_for_later,120.00,208.00,80.00,64.00,64.00,1B,1,2026-07-14T03:54:19.100Z,https://open.spotify.com/track/6OICC2Us0JVbUgGXFJJOzZ
27,5tGnphp8D9Doa2ZULhJSMx,Downfall,Noah Kahan,The Great Divide,save_for_later,170.00,169.00,67.00,52.00,50.00,5B,1,2026-07-14T03:54:24.227Z,https://open.spotify.com/track/5tGnphp8D9Doa2ZULhJSMx
28,4fEUmNN8KK5sNqvKjBstKg,End of August,Noah Kahan,The Great Divide,save_for_later,111.00,78.00,37.00,34.00,7.00,8B,1,2026-07-14T03:54:28.272Z,https://open.spotify.com/track/4fEUmNN8KK5sNqvKjBstKg
29,4rECUI03C2RMqr5GYvqjlJ,Haircut,Noah Kahan,The Great Divide,save_for_later,80.00,187.00,72.00,53.00,62.00,6B,1,2026-07-14T03:54:55.398Z,https://open.spotify.com/track/4rECUI03C2RMqr5GYvqjlJ
30,18nzftpeT2fUyazRK3rDek,Headed North,Noah Kahan,The Great Divide,save_for_later,108.00,110.00,38.00,58.00,14.00,8B,1,2026-07-14T03:55:06.987Z,https://open.spotify.com/track/18nzftpeT2fUyazRK3rDek
31,7mOe6qQYMq1MCzJcifwPu4,Paid Time Off,Noah Kahan,The Great Divide,save_for_later,95.00,136.00,43.00,48.00,45.00,4B,1,2026-07-14T03:55:12.300Z,https://open.spotify.com/track/7mOe6qQYMq1MCzJcifwPu4
32,7N3d1hsZZpmmnovfAtnVFU,Porch Light,Noah Kahan,The Great Divide,save_for_later,119.00,147.00,61.00,61.00,25.00,9A,1,2026-07-14T03:55:16.785Z,https://open.spotify.com/track/7N3d1hsZZpmmnovfAtnVFU
33,0Shd736f6A7tJxzCTUI69X,Spoiled,Noah Kahan,The Great Divide,save_for_later,117.00,149.00,70.00,44.00,35.00,8B,1,2026-07-14T03:55:21.125Z,https://open.spotify.com/track/0Shd736f6A7tJxzCTUI69X
34,77zqs8ucHCSk5jh9TYec4b,The Great Divide,Noah Kahan,The Great Divide,save_for_later,81.00,157.00,68.00,55.00,34.00,1B,1,2026-07-14T03:55:25.585Z,https://open.spotify.com/track/77zqs8ucHCSk5jh9TYec4b
35,0BCWfP8NXjwmINTW1MyMu1,We Go Way Back,Noah Kahan,The Great Divide,save_for_later,95.00,132.00,30.00,63.00,39.00,10B,1,2026-07-14T03:55:30.585Z,https://open.spotify.com/track/0BCWfP8NXjwmINTW1MyMu1
36,6pk6E0SZxILzfaAGFngxEs,Willing and Able,Noah Kahan,The Great Divide,save_for_later,160.00,120.00,40.00,55.00,25.00,4A,1,2026-07-14T03:55:35.118Z,https://open.spotify.com/track/6pk6E0SZxILzfaAGFngxEs
