track_id,song,artist,album,added_at,album_date,playlist_name,owner_latest_keep_in_library,kept_by_other_user,eligible_for_delete,in_music_library_db,your_decision,notes
6lUXneXZ9jc3HSMHgd8oqh,How Can You Mend a Broken Heart,Al Green,Let's Stay Together,2025-11-19,,detective_work,0,no,yes,yes,,
3YuaBvuZqcwN3CEAyyoaei,Like a Stone,Audioslave,Audioslave,2026-03-30,2002-11-17 00:00:00,liked_songs,0,no,yes,yes,,
6RJoqL7C1kEN6IL8zV6auG,Sunday Best,Augustana,All The Stars and Boulevards,2026-01-29,,the_ultimate_concert_playlist,0,no,yes,yes,,
05sp2EySV6DXsKLeBnjaK0,Anywhere for You,Backstreet Boys,Backstreet Boys,2025-12-30,,backstreet_boys,0,no,yes,yes,,
1xiZcrzUUtdy7kr2zp9zsu,Darlin',Backstreet Boys,Backstreet Boys,2025-12-30,,backstreet_boys,0,no,yes,yes,,
44yi3VSeP3uWM7A1OtYm6Y,Shattered,Backstreet Boys,This Is Us,2025-12-30,2009-10-06 00:00:00,backstreet_boys,0,no,yes,yes,,
6YcEWhjxFqALvaRYtZVAqS,Spanish Eyes,Backstreet Boys,Millennium,2025-12-30,1999-05-18 00:00:00,backstreet_boys,0,no,yes,yes,,
5jym9AK0j4z3lWjXUF8JdG,All Over Me,Blake Shelton,Blake Shelton,2026-01-29,2001-07-31 00:00:00,the_ultimate_concert_playlist,0,no,yes,yes,,
25ZqQokIirbPOaNhxwHd45,Problems at Home,Blake Shelton,Blake Shelton,2026-01-29,2001-07-31 00:00:00,the_ultimate_concert_playlist,0,no,yes,yes,,
6xpDh0dXrkVp0Po1qrHUd8,Adam's Song,blink-182,Enema Of The State,2025-11-03,1999-06-01 00:00:00,twinning,0,no,yes,yes,,
4TofVhKSYwFXRtbYo5M3h4,Going Away To College,blink-182,Enema Of The State,2024-09-01,1999-06-01 00:00:00,my_cd_collection,0,no,yes,yes,,
5j5BbIMBUdamtTMsGVX1e4,Jaws Theme Swimming,Brand New,Deja Entendu,2025-03-04,2003-06-17 00:00:00,resilience,0,no,yes,yes,,
2Uwjr7EnHRXMgmL9SmX1Gj,Omaha,Counting Crows,August And Everything After,2026-01-29,1993-09-14 00:00:00,the_ultimate_concert_playlist,0,no,yes,yes,,
0m1KYWlT6LhFRBDVq9UNx4,HYFR (Hell Ya Fucking Right),"Drake,Lil Wayne",Take Care (Deluxe),2025-11-18,2011-11-15 00:00:00,detective_work,0,no,yes,yes,,
7kNlRLC9PEH8nXMVawssMx,Won't Back Down,"Eminem,P!nk",Recovery,2026-07-12,2010-06-18,,0,no,yes,yes,,
2X0iV2Y6GDo6jSoueZJDLK,If I Should Fall Behind,Faith Hill,Breathe,2024-09-01,1999-11-09 00:00:00,my_cd_collection,0,no,yes,yes,,
3acRlI6blIFTqSLdPNoWPG,It Will Be Me,Faith Hill,Breathe,2024-09-01,1999-11-09 00:00:00,my_cd_collection,0,no,yes,yes,,
7Gjj6NxSsVwXfOXUjvjCXv,Sisters of the Moon - 2015 Remaster,Fleetwood Mac,Tusk (Deluxe Edition),2026-04-26,1979-10-12 00:00:00,feisty,0,no,yes,yes,,
7FCwiuWa5tvFc73c13fBJ2,Light In Your Eyes,Flyleaf,Remember To Live,2025-02-22,2010-01-01 00:00:00,existential_outcasts,0,no,yes,yes,,
74KI6d8jEM2zwOAo3luayU,Shimmer,Fuel,Sunburn,2024-09-04,,my_cd_collection,0,no,yes,yes,,
7xgRurvaLwTMdgCXrivL1X,These Things,Fuel,Natural Selection,2024-09-04,2003-09-23 00:00:00,my_cd_collection,0,no,yes,yes,,
08L1WAtYQnsFBoZ3MEBkYV,#1 Crush - Nellee Hooper Mix,"Garbage,Nellee Hooper",Garbage (20th Anniversary Deluxe Edition/Remastered),2026-04-26,,feisty,0,no,yes,yes,,
1WVhulmaOQafvebRQ7O8w4,Number 1,Goldfrapp,Supernature,2026-02-07,2005-08-17 00:00:00,electro_clash_club_punk_mix,0,no,yes,yes,,
1SyOjtLqqqk2AVLZnRI3bk,Strict Machine,Goldfrapp,Black Cherry,2026-03-01,2003-04-28 00:00:00,liked_songs,0,no,yes,yes,,
4JiEyzf0Md7KEFFGWDDdCr,Knockin' On Heaven's Door,Guns N' Roses,Use Your Illusion II,2026-04-05,1991-09-18 00:00:00,liked_songs,0,no,yes,yes,,
37zuIvk4KBkAxxLJsxJaHq,Would That I,Hozier,"Wasteland, Baby!",2025-02-22,2019-03-01 00:00:00,existential_outcasts,0,no,yes,yes,,
6PKbhUbTWUfRHSb6qEt6Rw,When You Love a Woman (2024 Remaster),Journey,Greatest Hits (2024 Remaster),2026-06-10,1988-11-29 00:00:00,vinyl,0,no,yes,yes,,
2kRkLYYspTSmsVjME4Vuke,I Remember Nothing - 2019 Digital Master,Joy Division,Unknown Pleasures,2026-06-10,1979-06-15 00:00:00,vinyl,0,no,yes,yes,,
5YCjJwmUKpUQRzgPDm3iFm,Wilderness - 2019 Digital Master,Joy Division,Unknown Pleasures,2026-06-10,1979-06-15 00:00:00,vinyl,0,no,yes,yes,,
0m3Ze0cy8qBHSsV2exAfCw,Amazing,"Kanye West,Jeezy",808s & Heartbreak,2026-06-25,2008-11-24 00:00:00,currently_listening,0,no,yes,yes,,
6FDKYM0lBf6zqrg8cFokPd,Button,"Maroon 5,Anuel AA,Tainy",JORDI (Deluxe),2025-03-02,2021-06-11 00:00:00,mm,0,no,yes,yes,,
5kS3Kw2elRTrodnsyQuhvI,Can't Leave You Alone,"Maroon 5,Juice WRLD",JORDI (Deluxe),2025-03-02,2021-06-11 00:00:00,mm,0,no,yes,yes,,
1Ic9pKxGSJGM0LKeqf6lGe,All Apologies,Nirvana,In Utero,2025-12-28,1993-09-21 00:00:00,shut_me_up,0,no,yes,yes,,
310d8Vawp5kYDYrGrrTAzl,King And Lionheart,Of Monsters and Men,My Head Is An Animal,2025-03-04,2012-01-01 00:00:00,existential_outcasts,0,no,yes,yes,,
4wVA1OlDoVKILzGmAJMSH4,Eventually,P!nk,M!ssundaztood,2026-01-29,2001-11-20 00:00:00,the_ultimate_concert_playlist,0,no,yes,yes,,
1apAx8Fozuo5MzD0JLw4YX,Family Portrait,P!nk,M!ssundaztood,2026-01-29,2001-11-20 00:00:00,the_ultimate_concert_playlist,0,no,yes,yes,,
3ytGk8uwqSxcyd1RjVsrin,M!ssundaztood,P!nk,M!ssundaztood,2026-01-29,2001-11-20 00:00:00,the_ultimate_concert_playlist,0,no,yes,yes,,
3Wto3qVmbTqpSskoQ3YIxt,My Vietnam,P!nk,M!ssundaztood,2026-01-29,2001-11-20 00:00:00,the_ultimate_concert_playlist,0,no,yes,yes,,
6BIaQrIUOSyyJvry76fNJp,Numb,P!nk,M!ssundaztood,2026-01-29,2001-11-20 00:00:00,the_ultimate_concert_playlist,0,no,yes,yes,,
4egPgFmLoE1Z2bKLEmzCkQ,Lonely Girl,"P!nk,Linda Perry",M!ssundaztood,2026-01-29,2001-11-20 00:00:00,the_ultimate_concert_playlist,0,no,yes,yes,,
0DqDSW0xdTUMwhOLYLtC9m,Respect,"P!nk,Scratch",M!ssundaztood,2026-01-29,2001-11-20 00:00:00,the_ultimate_concert_playlist,0,no,yes,yes,,
6jY3W9ywchEFwA8uTzaGbK,Misery,"P!nk,Steven Tyler",M!ssundaztood,2026-01-29,2001-11-20 00:00:00,the_ultimate_concert_playlist,0,no,yes,yes,,
1BeNZQORyV0jEF2toAmrsA,Don't Move,Phantogram,Nightlife,2026-03-02,,liked_songs,0,no,yes,yes,,
1oDey7MWmrKRCSM0tgEoU8,Whatever You Do! Don't,Shania Twain,Come On Over,2024-08-31,1997-11-04 00:00:00,my_cd_collection,0,no,yes,yes,,
5g0afUZsh5hiXBOT3eXuwd,Set The Fire To The Third Bar,"Snow Patrol,Martha Wainwright",Eyes Open,2026-03-30,2006-01-01 00:00:00,liked_songs,0,no,yes,yes,,
0wO2H4SPvuaukEmxuAxFnF,I'll Let You Live,Taking Back Sunday,Louder Now,2026-06-15,2006-04-25 00:00:00,vinyl,0,no,yes,yes,,
2QSuqxALyh7JFoQEBxyo0H,I Robot,The Alan Parsons Project,I Robot,2026-03-21,1977-07-08 00:00:00,latent_space,0,no,yes,yes,,
0Ui05Ov0s4PnRc4JI3Pilg,My Favourite Game,The Cardigans,Gran Turismo (Remastered),2026-03-02,1998-01-01 00:00:00,liked_songs,0,no,yes,yes,,
458JkK5eJhh4C4s6nTuz7g,Dreams - Remastered 2026,The Cranberries,"Everybody Else Is Doing It, So Why Can't We? (Remastered 2026)",2026-06-15,,sundays_with_my_dad,0,no,yes,yes,,
0J2ykLMJWeJzc46T7mx0XW,A Quick One While He's Away - Live  Rock And Roll Circus  Version,The Who,The Kids Are Alright,2026-04-09,1979-06-08 00:00:00,vinyl,0,no,yes,yes,,
75AhlGB9aFWTxDfbmbdiCH,Cut My Hair,The Who,Quadrophenia (Super Deluxe Edition),2025-11-27,1973-10-19 00:00:00,wednesdays_with_my_mom,0,no,yes,yes,,
6m7vTi43b9cZDuD8DVs3OL,Yesterday's Rain,Toby Keith,Pull My Chain,2026-01-29,2001-08-10 00:00:00,the_ultimate_concert_playlist,0,no,yes,yes,,
06cv61HwUdLzSi35A8jUEx,Everybody Wants Some,Van Halen,Women And Children First,2025-07-12,,not_like_that_anymore,0,no,yes,yes,,
3QRZknOUCPCpOvK21j0rXb,Gone to California,P!nk,M!ssundaztood,2026-01-29,2001-11-20 00:00:00,the_ultimate_concert_playlist,0,yes,no,yes,,
