Track_ID,Song,Artist,Source_User,Source_Repeat_Intent,Source_Keep_In_Library,Source_Logged_At,Track_URL
00RYw42tKwXecTaVay3BKl,Howling At The Moon,Phantogram,kaseysmom,skip_for_now,1,2026-07-19T06:00:39.699Z,https://open.spotify.com/track/00RYw42tKwXecTaVay3BKl
02jcEwywffn3Tsb48fXmlW,Get the Party Started,P!nk,kaseysmom,skip_for_now,1,2026-07-19T06:00:38.733Z,https://open.spotify.com/track/02jcEwywffn3Tsb48fXmlW
0cGG2EouYCEEC3xfa0tDFV,Tainted Love,Soft Cell,kaseysmom,skip_for_now,1,2026-07-19T06:00:39.299Z,https://open.spotify.com/track/0cGG2EouYCEEC3xfa0tDFV
0elmUoU7eMPwZX1Mw1MnQo,The Way You Look Tonight,Frank Sinatra,kaseysmom,skip_for_now,1,2026-07-19T06:00:39.461Z,https://open.spotify.com/track/0elmUoU7eMPwZX1Mw1MnQo
0jHieRglaHjl3bopesFBc7,The Mask,Matt Maeson,kaseysmom,skip_for_now,1,2026-07-19T06:00:38.828Z,https://open.spotify.com/track/0jHieRglaHjl3bopesFBc7
0K2WjMLZYr09LKwurGRYRE,"Theme From New York, New York - 2008 Remastered",Frank Sinatra,kaseysmom,skip_for_now,1,2026-07-19T06:00:39.417Z,https://open.spotify.com/track/0K2WjMLZYr09LKwurGRYRE
0OxeH4biPKnJ022yE6fUu3,I've Got You Under My Skin,Frank Sinatra,kaseysmom,skip_for_now,1,2026-07-19T06:00:39.466Z,https://open.spotify.com/track/0OxeH4biPKnJ022yE6fUu3
0U87auHx1iZTEFcq9KVdmO,Boulevard of Broken Dreams,Green Day,kaseysmom,skip_for_now,1,2026-07-19T06:00:39.560Z,https://open.spotify.com/track/0U87auHx1iZTEFcq9KVdmO
12rhvKDK2FfHTZZ1sSAHDG,Cringe,Matt Maeson,kaseysmom,skip_for_now,1,2026-07-19T06:00:38.827Z,https://open.spotify.com/track/12rhvKDK2FfHTZZ1sSAHDG
1hlveB9M6ijHZRbzZ2teyh,We're Not Gonna Take It,Twisted Sister,kaseysmom,skip_for_now,1,2026-07-19T06:00:39.633Z,https://open.spotify.com/track/1hlveB9M6ijHZRbzZ2teyh
1LmN9SSHISbtp9LoaR5ZVJ,Payphone,"Maroon 5,Wiz Khalifa",kaseysmom,skip_for_now,1,2026-07-19T06:00:39.158Z,https://open.spotify.com/track/1LmN9SSHISbtp9LoaR5ZVJ
1NhPKVLsHhFUHIOZ32QnS2,Secrets,OneRepublic,kaseysmom,skip_for_now,1,2026-07-19T06:00:39.282Z,https://open.spotify.com/track/1NhPKVLsHhFUHIOZ32QnS2
1tL40tfdtUaSLek4DvDDr3,Hate Me,Blue October,kaseysmom,skip_for_now,1,2026-07-19T06:00:39.732Z,https://open.spotify.com/track/1tL40tfdtUaSLek4DvDDr3
20jYtEun4dUdYZ9foaOC48,My Humps,Black Eyed Peas,kaseysmom,skip_for_now,1,2026-07-19T06:00:38.728Z,https://open.spotify.com/track/20jYtEun4dUdYZ9foaOC48
2mtB7ekPzvNoieI62jYeJD,Wing$,"Macklemore & Ryan Lewis,Macklemore,Ryan Lewis",kaseysmom,skip_for_now,1,2026-07-19T06:00:39.607Z,https://open.spotify.com/track/2mtB7ekPzvNoieI62jYeJD
2ntpyUU3itxHWcJnOJmVic,Truly Madly Deeply,Savage Garden,kaseysmom,skip_for_now,1,2026-07-19T06:00:38.862Z,https://open.spotify.com/track/2ntpyUU3itxHWcJnOJmVic
2TofEeQobQ9YoK7EFds698,You Give Love A Bad Name,Bon Jovi,kaseysmom,skip_for_now,1,2026-07-19T06:00:39.763Z,https://open.spotify.com/track/2TofEeQobQ9YoK7EFds698
2vXVfpRRCin0m7b26He4aw,Summer Wind - 2008 Remastered,Frank Sinatra,kaseysmom,skip_for_now,1,2026-07-19T06:00:38.888Z,https://open.spotify.com/track/2vXVfpRRCin0m7b26He4aw
2wdX7seKD9pK35aZF3kMbY,Don't Turn Off The Lights,Enrique Iglesias,kaseysmom,favorites_archive,1,2026-07-19T06:00:38.655Z,https://open.spotify.com/track/2wdX7seKD9pK35aZF3kMbY
2YpeDb67231RjR0MgVLzsG,Old Town Road (feat. Billy Ray Cyrus) - Remix,"Lil Nas X,Billy Ray Cyrus",kaseysmom,skip_for_now,1,2026-07-19T06:00:38.793Z,https://open.spotify.com/track/2YpeDb67231RjR0MgVLzsG
3mKdw0slI6wmnb1FBrvwn2,I Get A Kick Out Of You,Frank Sinatra,kaseysmom,skip_for_now,1,2026-07-19T06:00:39.465Z,https://open.spotify.com/track/3mKdw0slI6wmnb1FBrvwn2
3QuEpyj4kTRWiWuckd1hcK,Just Dance,"Lady Gaga,Colby O'Donis",kaseysmom,skip_for_now,1,2026-07-19T06:00:39.154Z,https://open.spotify.com/track/3QuEpyj4kTRWiWuckd1hcK
3spdoTYpuCpmq19tuD0bOe,My Way,Frank Sinatra,kaseysmom,skip_for_now,1,2026-07-19T06:00:39.462Z,https://open.spotify.com/track/3spdoTYpuCpmq19tuD0bOe
3x2bXiU0o4WbsPkawXlfDA,Who Are You,The Who,kaseysmom,skip_for_now,1,2026-07-19T06:00:39.022Z,https://open.spotify.com/track/3x2bXiU0o4WbsPkawXlfDA
3x2ksaXI6EZUWidE2BiLXy,You're Still The One,Shania Twain,kaseysmom,skip_for_now,1,2026-07-19T06:00:39.589Z,https://open.spotify.com/track/3x2ksaXI6EZUWidE2BiLXy
42tYHqMxXxXHAAWqLaoOfQ,MacArthur Park - Single Version,Donna Summer,kaseysmom,favorites_archive,1,2026-07-19T06:00:38.621Z,https://open.spotify.com/track/42tYHqMxXxXHAAWqLaoOfQ
47y8hRlWLEJ4VafE6LMjEZ,A Little Less Conversation,Elvis Presley,kaseysmom,skip_for_now,1,2026-07-19T06:00:38.752Z,https://open.spotify.com/track/47y8hRlWLEJ4VafE6LMjEZ
4cktbXiXOapiLBMprHFErI,Memories,Maroon 5,kaseysmom,skip_for_now,1,2026-07-19T06:00:39.192Z,https://open.spotify.com/track/4cktbXiXOapiLBMprHFErI
4FmCUATNIarCQh72JYdvnm,That's Life,Frank Sinatra,kaseysmom,skip_for_now,1,2026-07-19T06:00:39.464Z,https://open.spotify.com/track/4FmCUATNIarCQh72JYdvnm
4jDMK7mlKrAAwygtaJOsTj,Mothers,Daughter,kaseysmom,skip_for_now,1,2026-07-19T06:00:39.348Z,https://open.spotify.com/track/4jDMK7mlKrAAwygtaJOsTj
4NK49OnNDP3oJcTGs89XSg,Beggar's Song,Matt Maeson,kaseysmom,currently_listening,1,2026-07-19T06:00:38.833Z,https://open.spotify.com/track/4NK49OnNDP3oJcTGs89XSg
4p1PizAGdglm2sVvPuFPWs,Love Is A Battlefield,Pat Benatar,kaseysmom,skip_for_now,1,2026-07-19T06:00:39.508Z,https://open.spotify.com/track/4p1PizAGdglm2sVvPuFPWs
4V9JDRqKjN8F2HWdlEDxvI,Harder To Breathe,Maroon 5,kaseysmom,skip_for_now,1,2026-07-19T06:00:39.167Z,https://open.spotify.com/track/4V9JDRqKjN8F2HWdlEDxvI
4xh7W7tlNMIczFhupCPniY,Go Your Own Way - 2004 Remaster,Fleetwood Mac,kaseysmom,skip_for_now,1,2026-07-19T06:00:39.623Z,https://open.spotify.com/track/4xh7W7tlNMIczFhupCPniY
5f7KV4oOHZylrpa5XKFu6G,Centerfield,John Fogerty,kaseysmom,skip_for_now,1,2026-07-19T06:00:39.302Z,https://open.spotify.com/track/5f7KV4oOHZylrpa5XKFu6G
5MzjQ95rdB2xt9DNa2IzaC,Don't Phunk With My Heart,Black Eyed Peas,kaseysmom,skip_for_now,1,2026-07-19T06:00:38.741Z,https://open.spotify.com/track/5MzjQ95rdB2xt9DNa2IzaC
5NOKqfyuSU3e1sqvildQmM,Downstairs,Matt Maeson,kaseysmom,skip_for_now,1,2026-07-19T06:00:39.363Z,https://open.spotify.com/track/5NOKqfyuSU3e1sqvildQmM
5qII2n90lVdPDcgXEEVHNy,Sunday Morning,Maroon 5,kaseysmom,skip_for_now,1,2026-07-19T06:00:39.157Z,https://open.spotify.com/track/5qII2n90lVdPDcgXEEVHNy
5RKQ5NdjSh2QzD4MaunT91,Don't Stop Believin' (2022 Remaster),Journey,kaseysmom,skip_for_now,1,2026-07-19T06:00:39.555Z,https://open.spotify.com/track/5RKQ5NdjSh2QzD4MaunT91
6b9NzxGrLgueouFOAr5Jw3,Sweetest Goodbye,Maroon 5,kaseysmom,skip_for_now,1,2026-07-19T06:00:39.170Z,https://open.spotify.com/track/6b9NzxGrLgueouFOAr5Jw3
6bLU8e0LGyztE9iD5DWBQ1,Hallucinogenics,Matt Maeson,kaseysmom,skip_for_now,1,2026-07-19T06:00:38.826Z,https://open.spotify.com/track/6bLU8e0LGyztE9iD5DWBQ1
6CjtS2JZH9RkDz5UVInsa9,Thrift Shop (feat. Wanz),"Macklemore & Ryan Lewis,Macklemore,Ryan Lewis,Wanz",kaseysmom,skip_for_now,1,2026-07-19T06:00:39.216Z,https://open.spotify.com/track/6CjtS2JZH9RkDz5UVInsa9
6ECp64rv50XVz93WvxXMGF,This Love,Maroon 5,kaseysmom,skip_for_now,1,2026-07-19T06:00:39.172Z,https://open.spotify.com/track/6ECp64rv50XVz93WvxXMGF
6L5c6wFGDQswebVAS3BmUw,Leather and Lace,"Stevie Nicks,Don Henley",kaseysmom,skip_for_now,1,2026-07-19T06:00:39.069Z,https://open.spotify.com/track/6L5c6wFGDQswebVAS3BmUw
6liaHE9iHh23PLVvw7lK8V,Closing Time,Semisonic,kaseysmom,skip_for_now,1,2026-07-19T06:00:38.902Z,https://open.spotify.com/track/6liaHE9iHh23PLVvw7lK8V
6Qyc6fS4DsZjB2mRW9DsQs,Iris,The Goo Goo Dolls,kaseysmom,skip_for_now,1,2026-07-19T06:00:38.854Z,https://open.spotify.com/track/6Qyc6fS4DsZjB2mRW9DsQs
6WZ7g8fpIXkf1ySWn3GA5O,Summertime,New Kids On The Block,kaseysmom,skip_for_now,1,2026-07-19T06:00:39.262Z,https://open.spotify.com/track/6WZ7g8fpIXkf1ySWn3GA5O
74VR3AkGPhbYXnxcOYa16x,Strangers In The Night,Frank Sinatra,kaseysmom,skip_for_now,1,2026-07-19T06:00:39.468Z,https://open.spotify.com/track/74VR3AkGPhbYXnxcOYa16x
7ACxUo21jtTHzy7ZEV56vU,Crazy Train,Ozzy Osbourne,kaseysmom,skip_for_now,1,2026-07-19T06:00:39.040Z,https://open.spotify.com/track/7ACxUo21jtTHzy7ZEV56vU
7K71priwuwcWwbgfHVQJdq,Lovesong,The Cure,kaseysmom,skip_for_now,1,2026-07-19T06:00:39.341Z,https://open.spotify.com/track/7K71priwuwcWwbgfHVQJdq
7wuJGgpTNzbUyn26IOY6rj,Total Eclipse of the Heart,Bonnie Tyler,kaseysmom,skip_for_now,1,2026-07-19T06:00:38.869Z,https://open.spotify.com/track/7wuJGgpTNzbUyn26IOY6rj
